{
   "mean": [
      0.000662597466040264,
      0.00013902818287592753,
      0.012015421804181902,
      -0.3021119380591618,
      -0.9366213881788327,
      -5.828653210347767,
      238.7658578188669,
      246.83083545028404,
      38.39869810543072,
      -0.0021039174151734,
      0.0038114266315130312
   ],
   "std": [
      0.008628630122240752,
      0.00822212536368187,
      0.005870796355521293,
      0.8141759238337584,
      1.300610114761337,
      4.459256705812679,
      89.69667666535913,
      93.86304247239325,
      9.450500160250895,
      0.007592103095147927,
      0.0016940656329789679
   ],
   "max": [
      0.012499014382754001,
      0.012499754590987,
      0.026500002075286,
      3.772840797137394,
      3.497118599089472,
      0.8418283707336011,
      439.990912052598,
      439.98420884076324,
      55.0,
      0.057448999504421006,
      0.013342344974568002
   ],
   "min": [
      -0.012496053695933,
      -0.012499433333538002,
      0.00466666691499,
      -5.373986338277445,
      -7.250424052057355,
      -15.933852485841259,
      40.00394782877257,
      40.06316214334001,
      10.0,
      -0.059716854075123005,
      5.0982739671224946e-05
   ]
}