{
   "mean": [
      0.0004427782080836636,
      5.9614473921328615e-05,
      0.012479447592877566,
      -0.11649289353622576,
      -0.3287312483519475,
      -2.1686331352629833,
      239.66780187697114,
      244.10321050755684,
      38.09714644089056,
      -0.0010069022611468444,
      0.005377793004208552
   ],
   "std": [
      0.008479584361173959,
      0.008123320653094039,
      0.006304541218519075,
      0.15854651734096253,
      0.3449221764641085,
      1.556078093266025,
      89.34031817010217,
      92.79454603979629,
      9.53313615052291,
      0.0013858126493192147,
      0.0016822539963647091
   ],
   "max": [
      0.012499014382754001,
      0.012477658790027001,
      0.025548496130413004,
      0.154182251981344,
      0.49011041495577407,
      0.8418283707336011,
      439.990912052598,
      439.98420884076324,
      55.0,
      0.006076908351650001,
      0.021901001826965003
   ],
   "min": [
      -0.012496053695933,
      -0.012499433333538002,
      0.00466666691499,
      -1.331911621862379,
      -2.9216470657702933,
      -9.944496385674668,
      40.357480606501156,
      40.06316214334001,
      18.0,
      -0.005726515902516,
      0.001064753403902
   ]
}